{
  "Vancouver": [49.2608724, -123.113952],
  "Riverton": [40.5179761, -111.9393701],
  "Denver": [39.7392364, -104.984862],
  "Kansas City": [39.100105, -94.5781416],
  "Oklahoma City": [35.4729886, -97.5170536],
  "New York": [40.7127281, -74.0060152]
}
